{
  "NORM": 0.145,
  "MI": 0.195,
  "STTC": 0.8749999999999999,
  "CD": 0.055,
  "HYP": 0.31499999999999995
}